연도,순위,제목,감독,주연1,주연2,개봉일,관객수,장르,수상
2013,1,7번방의 선물,이환경,류승룡,박신혜,2013.01.23,12812186,드라마,황금촬영상
2013,2,설국열차,봉준호,크리스 에반스,송강호,2013.08.01,9354547,SF/액션/드라마,미국비평가협회상
2013,3,관상,한재림,송강호,이정재,2013.09.11,9135806,시대극,백상예술대상
2013,4,아이언맨 3,셰인 블랙,로버트 다우니 주니어,기네스 팰트로,2013.04.25,9001679,액션/SF,확인불가
2013,5,베를린,류승완,하정우,한석규,2013.01.30,7166688,액션/드라마,부산영화평론가협회상
2013,6,은밀하게 위대하게,장철수,김수현,박기웅,2013.06.05,6959083,액션/드라마/코미디,백상예술대상
2013,7,변호인,양우석,송강호,김영애,2013.12.18,11375399,드라마,청룡영화상
2013,8,숨바꼭질,허정,손현주,전미선,2013.08.14,5604106,스릴러,황금촬영상
2013,9,더 테러 라이브,김병우,하정우,이경영,2013.07.31,5584295,스릴러,황금촬영상
2013,10,감시자들,조의석,김병서,설경구,2013.07.03,5509019,범죄/액션,백상예술대상
2013,11,월드 워 Z,마크 포스터,브래드 피트,미레일리 이노스,2013.06.20,5244336,스릴러/SF/액션/어드벤처/공포,MTV 영화 & TV 상
2013,12,신세계,박훈정,이정재,최민식,2013.02.21,4690270,범죄/드라마,청룡영화상
2013,13,박수건달,조진규,박신양,김정태,2013.01.09,3897969,코미디,후쿠오카국제영화제
2013,14,스파이,이승준,설경구,문소리,2013.09.05,3436092,코미디/액션,확인불가
2013,15,그래비티,알폰소 쿠아론,산드라 블록,조지 클루니,2013.10.17,3313307,SF/드라마,아카데미시상식
2013,16,타워,김지훈,설경구,손예진,2012.12.25,5181244,드라마,대종상영화제
2013,17,감기,김성수,장혁,수애,2013.08.14,3117859,드라마/어드벤처/액션,확인불가
2013,18,토르: 다크 월드,알랜 테일러,나탈리 포트만,톰 히들스턴,2013.10.30,3040115,어드벤처/판타지,확인불가
2013,19,레드: 더 레전드,딘 패리소,브루스 윌리스,존 말코비치,2013.07.18,3004649,액션/코미디/범죄,확인불가
2013,20,친구 2,곽경택,유오성,주진모,2013.11.14,2971475,액션,청룡영화상
2013,21,어바웃 타임,리차드 커티스,도널 글리슨,레이첼 맥아담스,2013.12.05,3454200,로맨스/멜로/코미디,산세바스티안국제영화제
2013,22,나우 유 씨 미 : 마술사기단,루이스 리터리어,제시 아이젠버그,마크 러팔로,2013.08.22,2718237,범죄/액션/스릴러,확인불가
2013,23,소원,이준익,설경구,엄지원,2013.10.02,2711144,드라마,지포니영화제
2013,24,레미제라블,톰 후퍼,휴 잭맨,러셀 크로우,2012.12.19,5942530,드라마/뮤지컬,일본아카데미상
2013,25,퍼시픽 림,기예르모 델 토로,찰리 허냄,이드리스 엘바,2013.07.11,2539115,SF/액션/어드벤처,확인불가
2013,26,화이: 괴물을 삼킨 아이,장준환,김윤석,여진구,2013.10.09,2394603,액션/스릴러,시체스국제판타스틱영화제
2013,27,컨저링,제임스 완,베라 파미가,패트릭 윌슨,2013.09.17,2264314,공포,확인불가
2013,28,맨 오브 스틸,잭 스나이더,헨리 카빌,에이미 아담스,2013.06.13,2182227,액션/어드벤처/판타지,MTV 영화 & TV 상
2013,29,용의자,원신연,공유,박희순,2013.12.24,4131338,액션/드라마,한국영화평론가협회상
2013,30,호빗: 스마우그의 폐허,피터 잭슨,마틴 프리먼,이안 맥켈런,2013.12.12,2288265,어드벤처/판타지,MTV 영화 & TV 상
2013,31,몽타주,정근섭,엄정화,김상경,2013.05.16,2095592,스릴러/드라마,대종상영화제
2013,32,터보,데이빗 소렌,라이언 레이놀즈,폴 지아마티,2013.07.25,1925154,애니메이션/어드벤처/코미디,확인불가
2013,33,연애의 온도,노덕,이민기,김민희,2013.03.21,1865354,로맨스/멜로,올해의 여성영화인상
2013,34,지.아이.조 2,존 추,브루스 윌리스,드웨인 존슨,2013.03.28,1855917,액션/어드벤처,확인불가
2013,35,분노의 질주: 더 맥시멈,저스틴 린,빈 디젤,폴 워커,2013.05.22,1790457,액션/범죄,MTV 영화 & TV 상
2013,36,공범,국동석,손예진,김갑수,2013.10.24,1766285,스릴러,황금촬영상
2013,37,집으로 가는 길,방은진,전도연,고수,2013.12.11,1854869,드라마,황금촬영상
2013,38,전설의 주먹,강우석,황정민,유준상,2013.04.10,1744585,액션/드라마,확인불가
2013,39,파파로티,윤종찬,한석규,이제훈,2013.03.14,1716438,드라마,제천국제음악영화제
2013,40,스타트렉 다크니스,J.J. 에이브람스,크리스 파인,재커리 퀸토,2013.05.29,1607555,액션/어드벤처/SF,확인불가
2013,41,라이프 오브 파이,이안,수라즈 샤르마,이르판 칸,2013.01.01,1646997,어드벤처/드라마,MTV 영화 & TV 상
2013,42,오블리비언,조셉 코신스키,톰 크루즈,모건 프리먼,2013.04.11,1515356,SF/액션,확인불가
2013,43,위대한 개츠비,바즈 루어만,레오나르도 디카프리오,토비 맥과이어,2013.05.16,1450368,로맨스/멜로/드라마,아카데미시상식
2013,44,다이하드: 굿 데이 투 다이,존 무어,브루스 윌리스,제이 코트니,2013.02.06,1438056,액션/범죄/스릴러,확인불가
2013,45,런닝맨,조동오,신하균,이태리,2013.04.04,1422844,액션,확인불가
2013,46,미스터 고,김용화,링링,성동일,2013.07.17,1329061,드라마/코미디/액션,아시아필름어워즈
2013,47,결혼전야,홍지영,김강우,김효진,2013.11.21,1214839,로맨스/멜로,확인불가
2013,48,깡철이,안권태,유아인,김해숙,2013.10.02,1209363,가족,확인불가
2013,49,엘리시움,닐 블롬캠프,맷 데이먼,조디 포스터,2013.08.29,1207732,SF/액션/드라마,확인불가
2013,50,더 웹툰: 예고살인,김용균,이시영,엄기준,2013.06.27,1200772,공포/스릴러,확인불가
2014,1,명량,김한민,최민식,류승룡,2014.07.30,17616037,액션/드라마,백상예술대상
2014,2,겨울왕국,크리스 벅,제니퍼 리,박지윤,2014.01.16,10305051,애니메이션/어드벤처/가족,확인불가
2014,3,인터스텔라,크리스토퍼 놀란,매튜 맥커너히,앤 해서웨이,2014.11.06,10342523,SF,맥스무비 최고의 영화상
2014,4,해적: 바다로 간 산적,이석훈,김남길,손예진,2014.08.06,8666208,어드벤처,백상예술대상
2014,5,수상한 그녀,황동혁,심은경,나문희,2014.01.22,8662080,코미디/드라마,맥스무비 최고의 영화상
2014,6,변호인,양우석,송강호,김영애,2013.12.18,11375399,드라마,청룡영화상
2014,7,국제시장,윤제균,황정민,김윤진,2014.12.17,14265222,드라마,한국영화제작가협회상
2014,8,트랜스포머: 사라진 시대,마이클 베이,마크 월버그,니콜라 펠츠,2014.06.25,5295836,SF,골든라즈베리시상식
2014,9,군도: 민란의 시대,윤종빈,하정우,강동원,2014.07.23,4775924,액션,춘사국제영화제
2014,10,엣지 오브 투모로우,더그 라이만,톰 크루즈,에밀리 블런트,2014.06.04,4706213,액션/SF,크리틱스 초이스 시상식
2014,11,엑스맨: 데이즈 오브 퓨처 패스트,브라이언 싱어,휴 잭맨,제임스 맥어보이,2014.05.22,4313871,액션/어드벤처/판타지,확인불가
2014,12,어메이징 스파이더맨 2,마크 웹,앤드류 가필드,엠마 스톤,2014.04.23,4168353,액션/어드벤처/판타지,확인불가
2014,13,타짜-신의 손,강형철,T.O.P,신세경,2014.09.03,4015361,드라마,청룡영화상
2014,14,혹성탈출: 반격의 서막,매트 리브스,앤디 서키스,제이슨 클라크,2014.07.10,4002560,SF/액션/드라마/스릴러,새틀라이트시상식
2014,15,캡틴 아메리카: 윈터 솔져,조 루소,앤서니 루소,크리스 에반스,2014.03.26,3964965,액션/어드벤처/SF,워싱턴비평가협회상
2014,16,역린,이재규,현빈,정재영,2014.04.30,3849700,시대극,한국영화제작가협회상
2014,17,"님아, 그 강을 건너지 마오",진모영,조병만,강계열,2014.11.27,4803386,다큐멘터리,트렌토영화제
2014,18,신의 한 수,조범구,정우성,이범수,2014.07.03,3566852,범죄/액션,대종상영화제
2014,19,끝까지 간다,김성훈,이선균,조진웅,2014.05.29,3450388,범죄/액션,판타지아국제영화제
2014,20,비긴 어게인,존 카니,키이라 나이틀리,마크 러팔로,2014.08.13,3480504,로맨스/멜로,상하이국제영화제
2014,21,드래곤 길들이기 2,딘 데블로이스,오승윤,안장혁,2014.07.23,2999906,애니메이션/액션/어드벤처,골든글로브시상식
2014,22,표적,창,류승룡,유준상,2014.04.30,2841884,액션/드라마,황금촬영상
2014,23,메이즈 러너,웨스 볼,딜런 오브라이언,카야 스코델라리오,2014.09.18,2812429,미스터리/액션/스릴러/SF,MTV 영화 & TV 상
2014,24,호빗: 다섯 군대 전투,피터 잭슨,이안 맥켈런,마틴 프리먼,2014.12.17,2841382,판타지,확인불가
2014,25,나의 사랑 나의 신부,임찬상,조정석,신민아,2014.10.08,2141197,로맨스/멜로,확인불가
2014,26,논스톱,자움 콜렛 세라,리암 니슨,줄리안 무어,2014.02.27,2084457,액션,확인불가
2014,27,인투 더 스톰,스티븐 쿼일,리차드 아미티지,사라 웨인 칼리즈,2014.08.28,2078825,액션/스릴러,확인불가
2014,28,노아,대런 아로노프스키,러셀 크로우,제니퍼 코넬리,2014.03.20,2026574,드라마,확인불가
2014,29,남자가 사랑할 때,한동욱,황정민,한혜진,2014.01.22,1980120,드라마,확인불가
2014,30,루시,뤽 베송,스칼렛 요한슨,모건 프리먼,2014.09.03,1974893,액션/SF/스릴러,확인불가
2014,31,용의자,원신연,공유,박희순,2013.12.24,4131338,액션/드라마,한국영화평론가협회상
2014,32,기술자들,김홍선,김우빈,김영철,2014.12.24,2564340,범죄/액션,황금촬영상
2014,33,나를 찾아줘,데이빗 핀처,벤 애플렉,로자먼드 파이크,2014.10.23,1764233,스릴러,골든라즈베리시상식
2014,34,제보자,임순례,박해일,이경영,2014.10.02,1755221,드라마,황금촬영상
2014,35,피끓는 청춘,이연우,박보영,이종석,2014.01.22,1676040,코미디/로맨스/멜로,확인불가
2014,36,두근두근 내 인생,이재용,강동원,송혜교,2014.09.03,1624601,드라마,우디네극동영화제
2014,37,우아한 거짓말,이한,김희애,고아성,2014.03.13,1619983,드라마,지포니영화제
2014,38,300: 제국의 부활,노암 머로,설리반 스태플턴,에바 그린,2014.03.06,1593116,액션/드라마,확인불가
2014,39,엑소더스: 신들과 왕들,리들리 스콧,크리스찬 베일,조엘 에저튼,2014.12.03,1511845,드라마/액션,확인불가
2014,40,해무(海霧),심성보,김윤석,박유천,2014.08.13,1475582,드라마,부일영화상
2014,41,인간중독,김대우,송승헌,임지연,2014.05.14,1441990,로맨스/멜로,올해의 영화상
2014,42,말레피센트,로버트 스트롬버그,안젤리나 졸리,엘르 패닝,2014.05.29,1397526,판타지,할리우드 필름어워즈
2014,43,폼페이: 최후의 날,폴 앤더슨,키트 해링턴,캐리 앤 모스,2014.02.20,1373873,액션/어드벤처,확인불가
2014,44,퓨리,데이비드 에이어,브래드 피트,로건 레먼,2014.11.20,1362114,액션/전쟁,미국비평가협회상
2014,45,드라큘라: 전설의 시작,개리 쇼어,루크 에반스,도미닉 쿠퍼,2014.10.08,1321751,판타지/액션,확인불가
2014,46,가디언즈 오브 갤럭시,제임스 건,크리스 프랫,조 샐다나,2014.07.31,1345257,액션/어드벤처,크리틱스 초이스 시상식
2014,47,찌라시: 위험한 소문,김광식,김강우,정진영,2014.02.20,1221420,범죄/드라마,확인불가
2014,48,빅매치,최호,이정재,신하균,2014.11.26,1177438,액션,판타지아국제영화제
2014,49,슬로우 비디오,김영탁,차태현,남상미,2014.10.02,1169562,드라마,확인불가
2014,50,방황하는 칼날,이정호,정재영,이성민,2014.04.10,989881,스릴러,부천국제판타스틱영화제
2015,1,베테랑,류승완,황정민,유아인,2015.08.05,13414484,액션/드라마,부일영화상
2015,2,암살,최동훈,전지현,이정재,2015.07.22,12707237,액션/드라마,백상예술대상
2015,3,어벤져스: 에이지 오브 울트론,조스 웨던,로버트 다우니 주니어,마크 러팔로,2015.04.23,10504487,액션/어드벤처/SF,확인불가
2015,4,국제시장,윤제균,황정민,김윤진,2014.12.17,14265222,드라마,한국영화제작가협회상
2015,5,내부자들,우민호,이병헌,조승우,2015.11.19,7073581,범죄/드라마,대종상영화제
2015,6,사도,이준익,송강호,유아인,2015.09.16,6247745,시대극,인도국제영화제
2015,7,킹스맨 : 시크릿 에이전트,매튜 본,콜린 퍼스,태런 에저튼,2015.02.11,6129681,스릴러,확인불가
2015,8,미션 임파서블: 로그네이션,크리스토퍼 맥쿼리,톰 크루즈,제레미 레너,2015.07.30,6126488,액션/어드벤처,확인불가
2015,9,연평해전,김학순,김무열,진구,2015.06.24,6045726,드라마,휴스턴국제영화제
2015,10,쥬라기 월드,콜린 트레보로우,크리스 프랫,브라이스 달라스 하워드,2015.06.11,5547463,액션/어드벤처/SF,MTV 영화 & TV 상
2015,11,검은 사제들,장재현,김윤석,강동원,2015.11.05,5443232,미스터리/드라마,한국영화제작가협회상
2015,12,히말라야,이석훈,황정민,정우,2015.12.16,7759761,드라마,백상예술대상
2015,13,인사이드 아웃,피트 닥터,에이미 포엘러,필리스 스미스,2015.07.09,4971192,애니메이션/어드벤처/코미디,MTV 영화 & TV 상
2015,14,마션,리들리 스콧,맷 데이먼,제시카 차스테인,2015.10.08,4887144,어드벤처/SF,새틀라이트시상식
2015,15,조선명탐정 : 사라진 놉의 딸,김석윤,김명민,오달수,2015.02.11,3872015,코미디/어드벤처,확인불가
2015,16,매드 맥스: 분노의 도로,조지 밀러,톰 하디,니콜라스 홀트,2015.05.14,3930024,액션/어드벤처/SF,MTV 영화 & TV 상
2015,17,인턴,낸시 마이어스,로버트 드 니로,앤 해서웨이,2015.09.24,3611166,코미디,확인불가
2015,18,분노의 질주: 더 세븐,제임스 완,빈 디젤,폴 워커,2015.04.01,3250439,액션,크리틱스 초이스 시상식
2015,19,터미네이터 제니시스,알랜 테일러,아놀드 슈왈제네거,제이슨 클라크,2015.07.02,3240370,액션/어드벤처/SF,확인불가
2015,20,스물,이병헌,김우빈,준호,2015.03.25,3044859,코미디,춘사국제영화제
2015,21,극비수사,곽경택,김윤석,유해진,2015.06.18,2860786,드라마/범죄,부일영화상
2015,22,앤트맨,페이튼 리드,폴 러드,마이클 더글라스,2015.09.03,2847913,액션/어드벤처,확인불가
2015,23,스타워즈: 깨어난 포스,J.J. 에이브람스,데이지 리들리,존 보예가,2015.12.17,3273873,액션/어드벤처/판타지,MTV 영화 & TV 상
2015,24,빅 히어로,돈 할,크리스 윌리엄스,라이언 포터,2015.01.21,2801949,애니메이션/액션/코미디,아카데미시상식
2015,25,메이즈 러너: 스코치 트라이얼,웨스 볼,딜런 오브라이언,이기홍,2015.09.16,2744413,액션/SF/스릴러,확인불가
2015,26,탐정 : 더 비기닝,김정훈,권상우,성동일,2015.09.24,2625686,코미디/범죄/스릴러,확인불가
2015,27,미니언즈,피에르 코팽,카일 발다,산드라 블록,2015.07.29,2626097,애니메이션/코미디/가족,확인불가
2015,28,스파이,폴 페이그,멜리사 맥카시,제이슨 스타뎀,2015.05.21,2318748,액션/코미디,확인불가
2015,29,악의 연대기,백운학,손현주,마동석,2015.05.14,2192552,스릴러,확인불가
2015,30,강남 1970,유하,이민호,김래원,2015.01.21,2192276,액션/드라마,마리끌레르 영화제
2015,31,뷰티 인사이드,백,한효주,김대명,2015.08.20,2058310,로맨스/멜로,한국영화제작가협회상
2015,32,오늘의 연애,박진표,이승기,문채원,2015.01.14,1891993,로맨스/멜로/코미디,확인불가
2015,33,테이큰 3,올리비에 메가톤,리암 니슨,팜케 얀센,2015.01.01,2006561,액션/범죄/스릴러,확인불가
2015,34,007 스펙터,샘 멘데스,다니엘 크레이그,레아 세두,2015.11.11,1820839,액션/범죄/스릴러,아카데미시상식
2015,35,이미테이션 게임,모튼 틸덤,베네딕트 컴버배치,키이라 나이틀리,2015.02.17,1744213,드라마/스릴러,아카데미시상식
2015,36,샌 안드레아스,브래드 페이튼,드웨인 존슨,칼라 구기노,2015.06.03,1716455,액션/스릴러,확인불가
2015,37,쎄시봉,김현석,김윤석,정우,2015.02.05,1715373,로맨스/멜로/코미디,확인불가
2015,38,더 폰,김봉주,손현주,엄지원,2015.10.22,1593694,액션/스릴러,황금촬영상
2015,39,위플래쉬,데미안 셔젤,마일스 텔러,J. K. 시몬스,2015.03.12,1645843,드라마,아카데미시상식
2015,40,대호,박훈정,최민식,정만식,2015.12.16,1762733,시대극,대종상영화제
2015,41,마다가스카의 펭귄,에릭 다넬,시몬 J. 스미스,톰 맥그래스,2014.12.31,1661388,애니메이션/어드벤처/코미디,확인불가
2015,42,차이나타운,한준희,김혜수,김고은,2015.04.29,1472147,범죄/드라마,백상예술대상
2015,43,장수상회,강제규,박근형,윤여정,2015.04.09,1169830,가족,황금촬영상
2015,44,성난 변호사,허종호,이선균,김고은,2015.10.08,1128288,범죄/액션,확인불가
2015,45,간신,민규동,주지훈,김강우,2015.05.21,1110274,시대극/드라마,황금촬영상
2015,46,박물관이 살아있다 : 비밀의 무덤,숀 레비,벤 스틸러,로빈 윌리엄스,2015.01.14,1101678,어드벤처/코미디/가족,확인불가
2015,47,그놈이다,윤준형,주원,유해진,2015.10.28,1046313,스릴러,확인불가
2015,48,미쓰 와이프,강효진,엄정화,송승헌,2015.08.13,988451,코미디,확인불가
2015,49,몬스터 호텔 2,젠디 타타코브스키,컬투,아담 샌들러,2015.12.24,1515097,애니메이션/코미디/가족,확인불가
2015,50,허삼관,하정우,하정우,하지원,2015.01.14,956103,드라마,확인불가
2016,1,부산행,연상호,공유,정유미,2016.07.20,11567816,액션/스릴러,디렉터스 컷 어워즈
2016,2,검사외전,이일형,황정민,강동원,2016.02.03,9707581,범죄/코미디,확인불가
2016,3,캡틴 아메리카: 시빌 워,앤서니 루소,조 루소,크리스 에반스,2016.04.27,8678761,액션/SF/스릴러,확인불가
2016,4,밀정,김지운,송강호,공유,2016.09.07,7500457,액션/시대극/스릴러,디렉터스 컷 어워즈
2016,5,터널,김성훈,하정우,배두나,2016.08.10,7120780,드라마,춘사국제영화제
2016,6,인천상륙작전,이재한,이정재,이범수,2016.07.27,7051660,전쟁,황금촬영상
2016,7,럭키,이계벽,유해진,이준,2016.10.13,6975631,코미디,대한민국 대학영화제
2016,8,곡성,나홍진,곽도원,황정민,2016.05.12,6879989,미스터리/스릴러/드라마,황금촬영상
2016,9,덕혜옹주,허진호,손예진,박해일,2016.08.03,5599995,시대극/드라마,황금촬영상
2016,10,닥터 스트레인지,스콧 데릭슨,베네딕트 컴버배치,레이첼 맥아담스,2016.10.26,5447269,어드벤처/판타지/액션/SF,할리우드 필름어워즈
2016,11,마스터,조의석,이병헌,강동원,2016.12.21,7150586,범죄/액션,확인불가
2016,12,주토피아,바이런 하워드,리치 무어,지니퍼 굿윈,2016.02.17,4707962,애니메이션/액션/어드벤처,아카데미시상식
2016,13,신비한 동물사전,데이빗 예이츠,에디 레드메인,캐서린 워터스톤,2016.11.16,4669702,판타지/어드벤처/가족,아카데미시상식
2016,14,판도라,박정우,김남길,김영애,2016.12.07,4585116,드라마/스릴러,황금촬영상
2016,15,아가씨,확인불가,확인불가,확인불가,확인불가,0,확인불가,확인불가
2016,16,쿵푸팬더3,여인영,알레산드로 칼로니,잭 블랙,2016.01.28,3984814,애니메이션/액션/어드벤처,확인불가
2016,17,귀향,조정래,강하나,최리,2016.02.24,3587256,드라마,대종상영화제
2016,18,데드풀,팀 밀러,라이언 레이놀즈,모레나 바카린,2016.02.17,3322773,액션/SF,크리틱스 초이스 시상식
2016,19,나우 유 씨 미 2,존 추,제시 아이젠버그,마크 러팔로,2016.07.12,3100113,범죄/액션,확인불가
2016,20,형,권수경,조정석,디오,2016.11.23,2982514,코미디/드라마,청룡영화상
2016,21,엑스맨: 아포칼립스,브라이언 싱어,제임스 맥어보이,마이클 패스벤더,2016.05.25,2938818,액션/어드벤처/판타지/SF,확인불가
2016,22,미스 페레그린과 이상한 아이들의 집,팀 버튼,에바 그린,에이사 버터필드,2016.09.28,2718158,미스터리/판타지,확인불가
2016,23,히말라야,이석훈,황정민,정우,2015.12.16,7759761,드라마,백상예술대상
2016,24,제이슨 본,폴 그린그래스,맷 데이먼,토미 리 존스,2016.07.27,2611969,액션/스릴러,확인불가
2016,25,도리를 찾아서,앤드류 스탠튼,엘렌 드제네레스,헤이든 롤렌스,2016.07.06,2601761,애니메이션/어드벤처/코미디,확인불가
2016,26,아수라,김성수,정우성,황정민,2016.09.28,2594943,범죄/액션,부일영화상
2016,27,정글북,존 파브로,닐 세티,빌 머레이,2016.06.09,2537438,어드벤처/드라마,아카데미시상식
2016,28,마이펫의 이중생활,크리스 리노드,엄상현,최석필,2016.08.03,2520700,애니메이션/코미디/가족,확인불가
2016,29,라라랜드,데미안 셔젤,라이언 고슬링,엠마 스톤,2016.12.07,3778633,로맨스/멜로/뮤지컬,일본아카데미상
2016,30,배트맨 대 슈퍼맨: 저스티스의 시작,잭 스나이더,벤 애플렉,헨리 카빌,2016.03.24,2256913,액션/어드벤처/판타지,골든라즈베리시상식
2016,31,굿바이 싱글,김태곤,김혜수,마동석,2016.06.29,2108561,코미디,확인불가
2016,32,봉이 김선달,박대민,유승호,조재현,2016.07.06,2051386,코미디/어드벤처,확인불가
2016,33,레버넌트: 죽음에서 돌아온 자,알레한드로 곤잘레스 이냐리투,레오나르도 디카프리오,톰 하디,2016.01.14,2010820,어드벤처,MTV 영화 & TV 상
2016,34,컨저링 2,제임스 완,베라 파미가,패트릭 윌슨,2016.06.09,1930385,공포,확인불가
2016,35,내부자들: 디 오리지널,우민호,이병헌,조승우,2015.12.31,2084909,범죄/드라마,확인불가
2016,36,수어사이드 스쿼드,데이비드 에이어,윌 스미스,자레드 레토,2016.08.03,1898220,액션/어드벤처,아카데미시상식
2016,37,인디펜던스 데이 : 리써전스,롤랜드 에머리히,리암 헴스워스,제프 골드블럼,2016.06.22,1500830,액션/SF,확인불가
2016,38,탐정 홍길동: 사라진 마을,조성희,이제훈,김성균,2016.05.04,1430960,드라마/액션,부천국제판타스틱영화제
2016,39,벤허,티무르 베크맘베토브,잭 휴스턴,토비 켑벨,2016.09.14,1400397,어드벤처/드라마,확인불가
2016,40,굿 다이노,피터 손,레이몬드 오초아,잭 브라이트,2016.01.07,1330181,애니메이션/어드벤처/코미디,확인불가
2016,41,셜록: 유령신부,더글라스 맥키넌,베네딕트 컴버배치,마틴 프리먼,2016.01.02,1278885,범죄/드라마,에미상
2016,42,특별수사: 사형수의 편지,권종관,김명민,김상호,2016.06.16,1243065,범죄/드라마,확인불가
2016,43,시간이탈자,곽재용,임수정,조정석,2016.04.13,1202511,스릴러,확인불가
2016,44,동주,이준익,강하늘,박정민,2016.02.17,1177122,드라마,춘사국제영화제
2016,45,워크래프트: 전쟁의 서막,던칸 존스,트래비스 핌멜,벤 포스터,2016.06.09,1163274,액션/어드벤처,확인불가
2016,46,스타트렉 비욘드,저스틴 린,크리스 파인,재커리 퀸토,2016.08.17,1157472,액션/어드벤처/SF/스릴러,확인불가
2016,47,미씽: 사라진 여자,이언희,엄지원,공효진,2016.11.30,1153201,미스터리,올해의 여성영화인상
2016,48,"당신, 거기 있어줄래요",홍지영,김윤석,변요한,2016.12.14,1168827,판타지/드라마,황금촬영상
2016,49,라이트 아웃,데이비드 F. 샌드버그,테레사 팔머,가브리엘 베이트먼,2016.08.24,1111284,공포,확인불가
2016,50,오빠생각,이한,임시완,정준원,2016.01.21,1069860,드라마/전쟁,우디네극동영화제
2017,1,택시운전사,장훈,송강호,토마스 크레취만,2017.08.02,12189706,드라마,피렌체 한국영화제
2017,2,신과함께-죄와 벌,김용화,하정우,차태현,2017.12.20,14414658,드라마,황금촬영상
2017,3,공조,김성훈,현빈,유해진,2017.01.18,7817686,액션,대한민국 대학영화제
2017,4,스파이더맨: 홈 커밍,존 왓츠,톰 홀랜드,로버트 다우니 주니어,2017.07.05,7258678,액션/어드벤처/판타지/SF,확인불가
2017,5,범죄도시,강윤성,마동석,윤계상,2017.10.03,6880546,범죄/액션,디렉터스 컷 어워즈
2017,6,군함도,류승완,황정민,소지섭,2017.07.26,6592151,액션/드라마,우디네극동영화제
2017,7,청년경찰,김주환,박서준,강하늘,2017.08.09,5653444,액션,황금촬영상
2017,8,더 킹,한재림,조인성,정우성,2017.01.18,5318202,범죄/드라마,아시아필름어워즈
2017,9,미녀와 야수,빌 콘돈,엠마 왓슨,댄 스티븐스,2017.03.16,5156372,판타지/뮤지컬/로맨스/멜로,할리우드 필름어워즈
2017,10,킹스맨: 골든 서클,매튜 본,콜린 퍼스,줄리안 무어,2017.09.27,4945484,액션/어드벤처/코미디,확인불가
2017,11,토르: 라그나로크,타이카 와이티티,톰 히들스턴,케이트 블란쳇,2017.10.25,4858572,액션/판타지,확인불가
2017,12,꾼,장창원,현빈,유지태,2017.11.22,4018341,범죄,확인불가
2017,13,강철비,양우석,정우성,곽도원,2017.12.14,4452900,액션/드라마,한국영화평론가협회상
2017,14,남한산성,황동혁,이병헌,김윤석,2017.10.03,3849159,드라마,디렉터스 컷 어워즈
2017,15,미이라,알렉스 커츠만,톰 크루즈,러셀 크로우,2017.06.06,3689325,액션/어드벤처/판타지,골든라즈베리시상식
2017,16,분노의 질주: 더 익스트림,F. 게리 그레이,빈 디젤,드웨인 존슨,2017.04.12,3659683,액션/범죄/스릴러,확인불가
2017,17,너의 이름은.,신카이 마코토,카미키 류노스케,카미시라이시 모네,2017.01.04,3887414,애니메이션/드라마/로맨스/멜로,일본아카데미상
2017,18,슈퍼배드 3,피에르 코팽,카일 발다,스티브 카렐,2017.07.26,3324874,애니메이션/액션/어드벤처/코미디,확인불가
2017,19,아이 캔 스피크,김현석,나문희,이제훈,2017.09.21,3284304,드라마,황금촬영상
2017,20,캐리비안의 해적: 죽은 자는 말이 없다,요아킴 뢰닝,에스펜 샌버그,조니 뎁,2017.05.24,3049894,액션/어드벤처/코미디,확인불가
2017,21,프리즌,나현,한석규,김래원,2017.03.23,2931953,범죄/액션,황금촬영상
2017,22,덩케르크,크리스토퍼 놀란,톰 하디,마크 라이런스,2017.07.20,2813528,액션,다비드 디 도나텔로 어워드
2017,23,가디언즈 오브 갤럭시 VOL. 2,제임스 건,크리스 프랫,조 샐다나,2017.05.02,2736686,SF/액션,할리우드 필름어워즈
2017,24,살인자의 기억법,원신연,설경구,김남길,2017.09.06,2658661,범죄/스릴러,브뤼셀국제판타스틱영화제
2017,25,트랜스포머: 최후의 기사,마이클 베이,마크 월버그,안소니 홉킨스,2017.06.21,2614603,액션/어드벤처/SF,확인불가
2017,26,보안관,김형주,이성민,조진웅,2017.05.03,2588628,범죄/코미디,확인불가
2017,27,조작된 도시,배종,지창욱,심은경,2017.02.09,2515780,범죄/액션,확인불가
2017,28,보스 베이비,톰 맥그래스,알렉 볼드윈,스티브 부세미,2017.05.03,2452245,애니메이션/코미디/가족,확인불가
2017,29,재심,김태윤,정우,강하늘,2017.02.15,2421197,드라마,한국영화제작가협회상
2017,30,박열,이준익,이제훈,최희서,2017.06.28,2359800,시대극,황금촬영상
2017,31,모아나,론 클레멘츠,존 머스커,아우이 크라발호,2017.01.12,2311531,애니메이션/액션/어드벤처/코미디/가족/판타지,확인불가
2017,32,마스터,조의석,이병헌,강동원,2016.12.21,7150586,범죄/액션,확인불가
2017,33,로건,제임스 맨골드,휴 잭맨,패트릭 스튜어트,2017.03.01,2176826,액션/SF,미국비평가협회상
2017,34,원더 우먼,패티 젠킨스,갤 가돗,크리스 파인,2017.05.31,2165407,액션/어드벤처/판타지/SF,MTV 영화 & TV 상
2017,35,겟 아웃,조던 필,다니엘 칼루유야,앨리슨 윌리엄스,2017.05.17,2141199,공포,아카데미시상식
2017,36,혹성탈출: 종의 전쟁,매트 리브스,앤디 서키스,우디 해럴슨,2017.08.15,2051351,액션/SF/어드벤처,새틀라이트시상식
2017,37,1987,장준환,김윤석,하정우,2017.12.27,7232527,드라마,한국영화제작가협회상
2017,38,애나벨 : 인형의 주인,데이비드 F. 샌드버그,스테파니 시그만,탈리사 베이트먼,2017.08.10,1934270,공포/스릴러/미스터리,확인불가
2017,39,노무현입니다,이창재,노무현,이화춘,2017.05.25,1855620,다큐멘터리,확인불가
2017,40,저스티스 리그,잭 스나이더,벤 애플렉,갤 가돗,2017.11.15,1786388,액션/어드벤처/판타지/SF,확인불가
2017,41,킬러의 보디가드,확인불가,확인불가,확인불가,확인불가,0,확인불가,확인불가
2017,42,콩: 스컬 아일랜드,조던 보트-로버츠,톰 히들스턴,사무엘 L. 잭슨,2017.03.08,1689717,액션/어드벤처/판타지/SF,확인불가
2017,43,23 아이덴티티,M. 나이트 샤말란,제임스 맥어보이,안야 테일러 조이,2017.02.22,1676011,스릴러,확인불가
2017,44,임금님의 사건수첩,문현성,이선균,안재홍,2017.04.26,1635003,코미디/어드벤처/액션,확인불가
2017,45,부라더,장유정,마동석,이동휘,2017.11.02,1492903,코미디,확인불가
2017,46,기억의 밤,장항준,강하늘,김무열,2017.11.29,1387779,미스터리/스릴러,황금촬영상
2017,47,해피 데스데이,크리스토퍼 랜던,제시카 로테,이스라엘 브루사드,2017.11.08,1382650,공포/미스터리/스릴러,확인불가
2017,48,브이아이피,박훈정,김명민,장동건,2017.08.23,1373342,액션/범죄/스릴러,확인불가
2017,49,특별시민,박인제,최민식,곽도원,2017.04.26,1362634,드라마,확인불가
2017,50,에이리언: 커버넌트,리들리 스콧,마이클 패스벤더,캐서린 워터스톤,2017.05.09,1307226,공포/SF/스릴러,확인불가
2018,1,신과함께-인과 연,김용화,하정우,주지훈,2018.08.01,12278010,판타지/드라마,올해의 영화상
2018,2,어벤져스: 인피니티 워,앤서니 루소,조 루소,로버트 다우니 주니어,2018.04.25,11233176,액션/SF/어드벤처/판타지,워싱턴비평가협회상
2018,3,보헤미안 랩소디,브라이언 싱어,라미 말렉,루시 보인턴,2018.10.31,9948386,드라마,일본아카데미상
2018,4,미션 임파서블: 폴아웃,크리스토퍼 맥쿼리,톰 크루즈,헨리 카빌,2018.07.25,6589061,액션/스릴러,크리틱스 초이스 시상식
2018,5,신과함께-죄와 벌,김용화,하정우,차태현,2017.12.20,14414658,드라마,황금촬영상
2018,6,쥬라기 월드: 폴른 킹덤,후안 안토니오 바요나,크리스 프랫,브라이스 달라스 하워드,2018.06.06,5661128,액션/어드벤처/SF,확인불가
2018,7,앤트맨과 와스프,페이튼 리드,폴 러드,에반젤린 릴리,2018.07.04,5448357,액션/어드벤처/SF,확인불가
2018,8,안시성,김광식,조인성,남주혁,2018.09.19,5441043,시대극/액션,대종상영화제
2018,9,블랙 팬서,라이언 쿠글러,채드윅 보스만,마이클 B. 조던,2018.02.14,5400241,액션/SF/드라마,아카데미시상식
2018,10,완벽한 타인,이재규,유해진,조진웅,2018.10.31,5294155,코미디/드라마,한국영화평론가협회상
2018,11,1987,장준환,김윤석,하정우,2017.12.27,7232527,드라마,한국영화제작가협회상
2018,12,독전,이해영,조진웅,류준열,2018.05.22,5064323,범죄/액션,제천국제음악영화제
2018,13,공작,윤종빈,황정민,이성민,2018.08.08,4975517,드라마,황금촬영상
2018,14,베놈,루벤 플레셔,톰 하디,미셀 윌리엄스,2018.10.03,3888096,액션/SF/스릴러,확인불가
2018,15,암수살인,김태균,김윤석,주지훈,2018.10.03,3789553,범죄,한중국제영화제
2018,16,데드풀 2,데이비드 레이치,라이언 레이놀즈,조슈 브롤린,2018.05.16,3784602,액션/어드벤처/코미디/SF,확인불가
2018,17,국가부도의 날,최국희,김혜수,유아인,2018.11.28,3755495,드라마,한국영화제작가협회상
2018,18,코코,리 언크리치,안소니 곤잘레스,가엘 가르시아 베르날,2018.01.11,3516880,애니메이션/어드벤처/코미디/뮤지컬/가족/미스터리,아카데미시상식
2018,19,아쿠아맨,제임스 완,제이슨 모모아,앰버 허드,2018.12.19,5041187,액션,확인불가
2018,20,그것만이 내 세상,최성현,이병헌,윤여정,2018.01.17,3420566,코미디/드라마,황금촬영상
2018,21,마녀,박훈정,김다미,조민수,2018.06.27,3189091,미스터리/액션,판타스포르토국제영화제
2018,22,탐정: 리턴즈,이언희,권상우,성동일,2018.06.13,3152895,코미디/범죄,올해의 여성영화인상
2018,23,인크레더블 2,브래드 버드,크레이그 T. 넬슨,홀리 헌터,2018.07.18,3033105,애니메이션/액션/어드벤처,미국비평가협회상
2018,24,서치,아니쉬 차칸티,존 조,데브라 메싱,2018.08.29,2951700,미스터리/스릴러/드라마,미국비평가협회상
2018,25,너의 결혼식,이석근,박보영,김영광,2018.08.22,2821044,로맨스/멜로,백상예술대상
2018,26,곤지암,정범식,위하준,박지현,2018.03.28,2678104,공포/미스터리,한국영화제작가협회상
2018,27,지금 만나러 갑니다,이장훈,소지섭,손예진,2018.03.14,2602273,로맨스/멜로,더 서울어워즈
2018,28,목격자,조규장,이성민,김상호,2018.08.15,2524634,스릴러,황금촬영상
2018,29,조선명탐정: 흡혈괴마의 비밀,김석윤,김명민,오달수,2018.02.08,2444145,코미디/어드벤처/시대극,확인불가
2018,30,신비한 동물들과 그린델왈드의 범죄,데이빗 예이츠,에디 레드메인,캐서린 워터스톤,2018.11.14,2414195,판타지,확인불가
2018,31,메이즈 러너: 데스 큐어,웨스 볼,딜런 오브라이언,토마스 생스터,2018.01.17,2299751,액션/SF/스릴러,확인불가
2018,32,맘마미아!2,올 파커,아만다 사이프리드,릴리 제임스,2018.08.08,2295241,뮤지컬,확인불가
2018,33,레디 플레이어 원,스티븐 스필버그,마크 라이런스,사이먼 페그,2018.03.28,2260088,액션/SF/어드벤처/스릴러,확인불가
2018,34,명당,박희곤,조승우,지성,2018.09.19,2087584,시대극,확인불가
2018,35,협상,이종석,손예진,현빈,2018.09.19,1967750,범죄,확인불가
2018,36,마약왕,우민호,송강호,조정석,2018.12.19,1864077,범죄/드라마,확인불가
2018,37,쥬만지: 새로운 세계,제이크 캐스단,드웨인 존슨,케빈 하트,2018.01.03,1711270,액션/어드벤처,확인불가
2018,38,창궐,김성훈,현빈,장동건,2018.10.25,1599621,액션,춘사국제영화제
2018,39,성난황소,김민호,마동석,송지효,2018.11.22,1593386,액션,확인불가
2018,40,도어락,이권,공효진,김예원,2018.12.05,1561258,스릴러,브뤼셀국제판타스틱영화제
2018,41,리틀 포레스트,임순례,김태리,류준열,2018.02.28,1509356,드라마,춘사국제영화제
2018,42,골든슬럼버,노동석,강동원,김의성,2018.02.14,1387562,범죄/드라마,확인불가
2018,43,램페이지,브래드 페이튼,드웨인 존슨,제프리 딘 모건,2018.04.12,1385517,액션/어드벤처/SF,확인불가
2018,44,궁합,홍창표,심은경,이승기,2018.02.28,1340149,코미디/드라마,확인불가
2018,45,오션스8,게리 로스,산드라 블록,케이트 블란쳇,2018.06.13,1335839,범죄/액션,확인불가
2018,46,사라진 밤,이창희,김상경,김강우,2018.03.07,1315735,스릴러,대한민국 대학영화제
2018,47,스윙키즈,강형철,디오,자레드 그라임스,2018.12.19,1474124,드라마,한국영화제작가협회상
2018,48,바람 바람 바람,이병헌,이성민,신하균,2018.04.05,1194239,코미디,확인불가
2018,49,PMC: 더 벙커,김병우,하정우,이선균,2018.12.26,1671548,액션,한중국제영화제
2018,50,범블비,트래비스 나이트,헤일리 스테인펠드,존 시나,2018.12.25,1561643,액션/어드벤처/SF,확인불가
2019,1,극한직업,이병헌,류승룡,이하늬,2019.01.23,16266480,코미디,대종상영화제
2019,2,어벤져스: 엔드게임,앤서니 루소,조 루소,로버트 다우니 주니어,2019.04.24,13977602,액션/SF,미국배우조합상
2019,3,겨울왕국 2,크리스 벅,제니퍼 리,박지윤,2019.11.21,13750668,애니메이션/어드벤처/코미디/판타지/뮤지컬,확인불가
2019,4,알라딘,가이 리치,메나 마수드,윌 스미스,2019.05.23,12797927,어드벤처/판타지/가족/뮤지컬,확인불가
2019,5,기생충,봉준호,송강호,이선균,2019.05.30,10313735,드라마,일본아카데미상
2019,6,엑시트,이상근,조정석,윤아,2019.07.31,9427588,코미디/액션,황금촬영상
2019,7,스파이더맨: 파 프롬 홈,존 왓츠,톰 홀랜드,사무엘 L. 잭슨,2019.07.02,8023606,액션/어드벤처/코미디/SF,확인불가
2019,8,백두산,이해준,김병서,이병헌,2019.12.19,8253470,드라마/액션,청룡영화상
2019,9,캡틴 마블,애너 보든,라이언 플렉,브리 라슨,2019.03.06,5802811,액션/어드벤처/SF,MTV 영화 & TV 상
2019,10,조커,토드 필립스,호아킨 피닉스,로버트 드 니로,2019.10.02,5276513,스릴러,일본아카데미상
2019,11,봉오동 전투,원신연,유해진,류준열,2019.08.07,4788075,액션/드라마,춘사국제영화제
2019,12,라이온 킹,존 파브로,도널드 글로버,비욘세,2019.07.17,4743295,어드벤처/드라마/가족,새틀라이트시상식
2019,13,나쁜 녀석들: 더 무비,손용호,마동석,김상중,2019.09.11,4573902,범죄/액션,확인불가
2019,14,82년생 김지영,김도영,정유미,공유,2019.10.23,3679265,드라마,황금촬영상
2019,15,분노의 질주: 홉스&쇼,데이비드 레이치,드웨인 존슨,제이슨 스타뎀,2019.08.14,3657627,액션,확인불가
2019,16,토이 스토리 4,조시 쿨리,톰 행크스,팀 알렌,2019.06.20,3400623,애니메이션/어드벤처/코미디,아카데미시상식
2019,17,돈,박누리,류준열,유지태,2019.03.20,3389125,범죄,황금촬영상
2019,18,악인전,이원태,마동석,김무열,2019.05.15,3364924,범죄/액션,황금촬영상
2019,19,가장 보통의 연애,김한결,김래원,공효진,2019.10.02,2924564,로맨스/멜로,확인불가
2019,20,말모이,엄유나,유해진,윤계상,2019.01.09,2867184,드라마,피렌체 한국영화제
2019,21,증인,이한,정우성,김향기,2019.02.13,2535695,드라마,한국영화제작가협회상
2019,22,시동,최정열,마동석,박정민,2019.12.18,3318718,드라마,피렌체 한국영화제
2019,23,블랙머니,정지영,조진웅,이하늬,2019.11.13,2480329,범죄/드라마,황금촬영상
2019,24,터미네이터: 다크 페이트,팀 밀러,맥켄지 데이비스,아놀드 슈왈제네거,2019.10.30,2410227,액션/어드벤처/SF,확인불가
2019,25,사바하,장재현,이정재,박정민,2019.02.20,2398611,미스터리/스릴러,대종상영화제
2019,26,타짜: 원 아이드 잭,권오광,박정민,류승범,2019.09.11,2229311,범죄/드라마,확인불가
2019,27,신의 한 수: 귀수편,리건,권상우,김희원,2019.11.07,2159081,범죄/액션,확인불가
2019,28,알리타: 배틀 엔젤,로버트 로드리게즈,로사 살라자르,크리스토프 왈츠,2019.02.05,1958055,액션/어드벤처/로맨스/멜로/스릴러/SF,새틀라이트시상식
2019,29,내안의 그놈,강효진,진영,박성웅,2019.01.09,1917999,코미디,확인불가
2019,30,뺑반,한준희,공효진,류준열,2019.01.30,1827054,범죄/액션,확인불가
2019,31,변신,김홍선,배성우,성동일,2019.08.21,1804120,공포/스릴러,확인불가
2019,32,주먹왕 랄프 2: 인터넷 속으로,필 존스턴,리치 무어,존 C. 라일리,2019.01.03,1758891,애니메이션/어드벤처/코미디/판타지,확인불가
2019,33,걸캅스,정다원,라미란,이성경,2019.05.09,1629580,코미디/액션,춘사국제영화제
2019,34,사자,김주환,박서준,안성기,2019.07.31,1611163,미스터리/액션/판타지/공포,황금촬영상
2019,35,아쿠아맨,제임스 완,제이슨 모모아,앰버 허드,2018.12.19,5041187,액션,확인불가
2019,36,드래곤 길들이기 3,딘 데블로이스,제이 바루첼,아메리카 페레라,2019.01.30,1507922,애니메이션/어드벤처,미국비평가협회상
2019,37,나의 특별한 형제,육상효,신하균,이광수,2019.05.01,1478841,드라마/코미디,황금촬영상
2019,38,어스,조던 필,루피타 뇽오,윈스턴 듀크,2019.03.27,1475088,공포/스릴러,크리틱스 초이스 시상식
2019,39,말레피센트 2,요아킴 뢰닝,안젤리나 졸리,미셸 파이퍼,2019.10.17,1444952,어드벤처/가족/판타지,확인불가
2019,40,유열의 음악앨범,정지우,김고은,정해인,2019.08.28,1245612,로맨스/멜로/드라마,부일영화상
2019,41,퍼펙트맨,용수,설경구,조진웅,2019.10.02,1240022,코미디/드라마,확인불가
2019,42,포드 V 페라리,제임스 맨골드,맷 데이먼,크리스찬 베일,2019.12.04,1371137,액션/드라마,새틀라이트시상식
2019,43,생일,이종언,설경구,전도연,2019.04.03,1197806,드라마,백상예술대상
2019,44,"힘을 내요, 미스터 리",이계벽,차승원,엄채영,2019.09.11,1182002,코미디/드라마,확인불가
2019,45,항거:유관순 이야기,조민호,고아성,김새벽,2019.02.27,1158248,드라마,확인불가
2019,46,장사리 : 잊혀진 영웅들,곽경택,김태훈,김명민,2019.09.25,1140876,전쟁,황금촬영상
2019,47,마이펫의 이중생활 2,크리스 리노드,패튼 오스왈트,케빈 하트,2019.07.31,1114949,애니메이션/어드벤처/코미디/가족,확인불가
2019,48,롱 리브 더 킹: 목포 영웅,강윤성,김래원,원진아,2019.06.19,1094404,액션/드라마,충북국제무예액션영화제
2019,49,쥬만지: 넥스트 레벨,제이크 캐스단,드웨인 존슨,잭 블랙,2019.12.11,1057269,액션/어드벤처,확인불가
2019,50,존 윅 3: 파라벨룸,채드 스타헬스키,키아누 리브스,할리 베리,2019.06.26,1007930,액션/범죄/스릴러,확인불가
2020,1,남산의 부장들,우민호,이병헌,이성민,2020.01.22,4750345,드라마,디렉터스 컷 어워즈
2020,2,다만 악에서 구하소서,홍원찬,황정민,이정재,2020.08.05,4357803,범죄/액션,춘사국제영화제
2020,3,반도,연상호,강동원,이정현,2020.07.15,3812250,액션/드라마,디렉터스 컷 어워즈
2020,4,히트맨,최원섭,권상우,정준호,2020.01.22,2406232,코미디/액션,확인불가
2020,5,테넷,크리스토퍼 놀란,존 데이비드 워싱턴,로버트 패틴슨,2020.08.26,2009304,액션/SF,아카데미시상식
2020,6,백두산,이해준,김병서,이병헌,2019.12.19,8253470,드라마/액션,청룡영화상
2020,7,#살아있다,조일형,유아인,박신혜,2020.06.24,1903992,드라마,대한민국 대학영화제
2020,8,강철비2: 정상회담,양우석,정우성,곽도원,2020.07.29,1791843,드라마/액션,한국영화제작가협회상
2020,9,담보,강대규,성동일,하지원,2020.09.29,1719689,드라마,황금촬영상
2020,10,닥터 두리틀,스티븐 개건,로버트 다우니 주니어,톰 홀랜드,2020.01.08,1607082,코미디/가족/판타지,골든라즈베리시상식
2020,11,삼진그룹 영어토익반,이종필,고아성,이솜,2020.10.21,1572616,드라마,한국영화제작가협회상
2020,12,정직한 후보,장유정,라미란,김무열,2020.02.12,1538741,코미디,청룡영화상
2020,13,도굴,박정배,이제훈,조우진,2020.11.04,1545281,범죄,확인불가
2020,14,클로젯,김광빈,하정우,김남길,2020.02.05,1270907,미스터리/드라마,브뤼셀국제판타스틱영화제
2020,15,오케이 마담,이철하,엄정화,박성웅,2020.08.12,1229372,코미디/액션,확인불가
2020,16,해치지않아,손재곤,안재홍,강소라,2020.01.15,1224726,코미디,확인불가
2020,17,천문: 하늘에 묻는다,허진호,최민식,한석규,2019.12.26,2000735,시대극,확인불가
2020,18,결백,박상현,신혜선,배종옥,2020.06.10,894025,드라마,춘사국제영화제
2020,19,1917,샘 멘데스,조지 맥케이,딘 찰스 채프먼,2020.02.19,882432,전쟁/드라마,다비드 디 도나텔로 어워드
2020,20,작은 아씨들,그레타 거윅,시얼샤 로넌,엠마 왓슨,2020.02.12,864822,드라마/로맨스/멜로,아카데미시상식
2020,21,미드웨이,롤랜드 에머리히,에드 스크레인,패트릭 윌슨,2019.12.31,959247,액션/드라마/전쟁,확인불가
2020,22,시동,최정열,마동석,박정민,2019.12.18,3318718,드라마,피렌체 한국영화제
2020,23,지푸라기라도 잡고 싶은 짐승들,김용훈,전도연,정우성,2020.02.19,629279,범죄/스릴러,춘사국제영화제
2020,24,미스터 주: 사라진 VIP,김태윤,이성민,김서형,2020.01.22,604143,코미디/드라마,확인불가
2020,25,인비저블맨,리 워넬,엘리자베스 모스,올리버 잭슨 코헨,2020.02.26,575043,공포,시카고비평가협회상
2020,26,나쁜 녀석들: 포에버,아딜 엘 아르비,빌랄 팔라,윌 스미스,2020.01.15,547805,액션,확인불가
2020,27,국제수사,김봉한,곽도원,김대명,2020.09.29,537470,액션/드라마/범죄,확인불가
2020,28,침입자,손원평,송지효,김무열,2020.06.04,532047,미스터리/스릴러,확인불가
2020,29,스타워즈: 라이즈 오브 스카이워커,J.J. 에이브람스,데이지 리들리,존 보예가,2020.01.08,507891,액션/어드벤처/판타지/SF,확인불가
2020,30,스파이 지니어스,닉 브루노,트로이 콴,윌 스미스,2020.01.22,450932,애니메이션/액션/어드벤처/코미디/가족/SF,확인불가
2020,31,이웃사촌,이환경,정우,오달수,2020.11.25,431559,코미디/드라마,확인불가
2020,32,온워드: 단 하루의 기적,댄 스캔론,톰 홀랜드,크리스 프랫,2020.06.17,418474,애니메이션/어드벤처/판타지,확인불가
2020,33,소리도 없이,홍의정,유아인,유재명,2020.10.15,403530,범죄/드라마,디렉터스 컷 어워즈
2020,34,버즈 오브 프레이(할리 퀸의 황홀한 해방),캐시 얀,마고 로비,메리 엘리자베스 윈스티드,2020.02.05,402035,액션/어드벤처/범죄,확인불가
2020,35,원더 우먼 1984,패티 젠킨스,갤 가돗,크리스 파인,2020.12.23,548695,액션/어드벤처/판타지,미국배우조합상
2020,36,겨울왕국 2,크리스 벅,제니퍼 리,박지윤,2019.11.21,13750668,애니메이션/어드벤처/코미디/판타지/뮤지컬,확인불가
2020,37,오! 문희,정세교,나문희,이희준,2020.09.02,354438,코미디/드라마,확인불가
2020,38,그린랜드,릭 로만 워,제라드 버틀러,모레나 바카린,2020.09.29,326130,액션/스릴러,확인불가
2020,39,위대한 쇼맨,마이클 그레이시,휴 잭맨,잭 에프론,2017.12.20,1721355,뮤지컬/드라마,골든글로브시상식
2020,40,런,아니쉬 차칸티,사라 폴슨,키에라 앨런,2020.11.20,284141,미스터리/스릴러,선댄스영화제
2020,41,뮬란,니키 카로,유역비,이연걸,2020.09.17,236247,어드벤처/드라마/가족,확인불가
2020,42,내가 죽던 날,박지완,김혜수,이정은,2020.11.12,234522,드라마,청룡영화상
2020,43,기생충,봉준호,송강호,이선균,2019.05.30,10313735,드라마,일본아카데미상
2020,44,신비아파트 극장판 하늘도깨비 대 요르문간드,변영규,조현정,양정화,2019.12.19,894826,애니메이션,확인불가
2020,45,프리즌 이스케이프,프랜시스 아난,다니엘 래드클리프,다니엘 웨버,2020.05.06,217056,스릴러,확인불가
2020,46,검객,최재훈,장혁,김현수,2020.09.23,190237,액션,황금촬영상
2020,47,조제,김종관,한지민,남주혁,2020.12.10,212439,로맨스/멜로,확인불가
2020,48,사라진 시간,정진영,조진웅,배수빈,2020.06.18,185802,미스터리/드라마,들꽃영화제
2020,49,밤쉘: 세상을 바꾼 폭탄선언,제이 로치,샤를리즈 테론,니콜 키드먼,2020.07.08,182648,드라마,아카데미시상식
2020,50,알라딘,가이 리치,메나 마수드,윌 스미스,2019.05.23,12797927,어드벤처/판타지/가족/뮤지컬,확인불가
2021,1,스파이더맨: 노 웨이 홈,존 왓츠,톰 홀랜드,젠데이아 콜먼,2021.12.15,7551990,액션/어드벤처/SF,MTV 영화 & TV 상
2021,2,모가디슈,류승완,김윤석,조인성,2021.07.28,3619496,액션/드라마,춘사국제영화제
2021,3,이터널스,클로이 자오,젬마 찬,리처드 매든,2021.11.03,3050518,액션/어드벤처/드라마,확인불가
2021,4,블랙 위도우,케이트 쇼트랜드,스칼렛 요한슨,플로렌스 퓨,2021.07.07,2962088,액션/어드벤처/SF,MTV 영화 & TV 상
2021,5,분노의 질주: 더 얼티메이트,저스틴 린,빈 디젤,존 시나,2021.05.19,2292413,액션,확인불가
2021,6,싱크홀,김지훈,차승원,김성균,2021.08.11,2195683,드라마,황금촬영상
2021,7,극장판 귀멸의 칼날: 무한열차편,소토자키 하루오,이경태,김연우,2021.01.27,2189110,애니메이션/판타지/액션/시대극,아시아필름어워즈
2021,8,베놈 2: 렛 데어 비 카니지,앤디 서키스,톰 하디,미셀 윌리엄스,2021.10.13,2123652,액션/SF/스릴러,확인불가
2021,9,소울,피트 닥터,켐프 파워스,제이미 폭스,2021.01.20,2048917,애니메이션/판타지,아카데미시상식
2021,10,크루엘라,크레이그 길레스피,엠마 스톤,엠마 톰슨,2021.05.26,1983676,드라마/범죄/코미디,아카데미시상식
2021,11,샹치와 텐 링즈의 전설,데스틴 다니엘 크레톤,시무 리우,양조위,2021.09.01,1740871,액션/어드벤처/판타지/SF,확인불가
2021,12,인질,필감성,황정민,김재범,2021.08.18,1638437,액션/스릴러,한국영화제작가협회상
2021,13,듄,드니 빌뇌브,티모시 샬라메,레베카 퍼거슨,2021.10.20,1623132,SF,새틀라이트시상식
2021,14,보이스,김선,김곡,변요한,2021.09.15,1427380,범죄/액션,확인불가
2021,15,007 노 타임 투 다이,캐리 조지 후쿠나가,다니엘 크레이그,라미 말렉,2021.09.29,1229971,액션,아카데미시상식
2021,16,미나리,리 아이작 정,스티븐 연,한예리,2021.03.03,1134788,드라마,춘사국제영화제
2021,17,발신제한,김창주,조우진,이재인,2021.06.23,955883,스릴러/드라마,확인불가
2021,18,보스 베이비 2,톰 맥그래스,알렉 볼드윈,아미 세다리스,2021.07.21,925277,애니메이션/가족/어드벤처,확인불가
2021,19,콰이어트 플레이스 2,존 크래신스키,에밀리 블런트,존 크래신스키,2021.06.16,863339,스릴러,확인불가
2021,20,랑종,반종 피산다나쿤,나릴야 군몽콘켓,싸와니 우툼마,2021.07.14,834534,공포/스릴러/드라마,부천국제판타스틱영화제
2021,21,유체이탈자,윤재근,윤계상,박용우,2021.11.24,819000,액션,황금촬영상
2021,22,컨저링3: 악마가 시켰다,마이클 차베스,베라 파미가,패트릭 윌슨,2021.06.03,799457,공포,확인불가
2021,23,기적,이장훈,박정민,이성민,2021.09.15,716902,드라마,파리한국영화제
2021,24,고질라 VS. 콩,아담 윈가드,알렉산더 스카스가드,밀리 바비 브라운,2021.03.25,703485,액션,확인불가
2021,25,킹스맨: 퍼스트 에이전트,매튜 본,랄프 파인즈,해리스 디킨슨,2021.12.22,1029365,액션,확인불가
2021,26,엔칸토: 마법의 세계,바이런 하워드,자레드 부시,채리스 카스트로 스미스,2021.11.24,631973,애니메이션/뮤지컬,새틀라이트시상식
2021,27,연애 빠진 로맨스,정가영,전종서,손석구,2021.11.24,606871,로맨스/멜로/코미디,충무로영화제-감독주간
2021,28,장르만 로맨스,조은지,류승룡,오나라,2021.11.17,518491,드라마/코미디,황금촬영상
2021,29,미션 파서블,김형주,김영광,이선빈,2021.02.17,447111,코미디/액션,확인불가
2021,30,더 수어사이드 스쿼드,제임스 건,마고 로비,이드리스 엘바,2021.08.04,419796,액션,확인불가
2021,31,비와 당신의 이야기,조진모,강하늘,천우희,2021.04.28,401193,드라마/로맨스/멜로,황금촬영상
2021,32,서복,이용주,공유,박보검,2021.04.15,385296,드라마,한국영화제작가협회상
2021,33,킬러의 보디가드 2,확인불가,확인불가,확인불가,확인불가,0,확인불가,확인불가
2021,34,루카,엔리코 카사로사,제이콥 트렘블레이,잭 딜런 그레이저,2021.06.17,371572,애니메이션/어드벤처/가족/판타지,확인불가
2021,35,자산어보,이준익,설경구,변요한,2021.03.31,342796,시대극,피렌체 한국영화제
2021,36,내일의 기억,서유민,서예지,김강우,2021.04.21,335051,미스터리/스릴러,황금촬영상
2021,37,라야와 마지막 드래곤,돈 할,카를로스 로페즈 에스트라다,켈리 마리 트랜,2021.03.04,322920,애니메이션/어드벤처/코미디,워싱턴비평가협회상
2021,38,프리 가이,숀 레비,라이언 레이놀즈,조디 코머,2021.08.11,313842,액션/어드벤처,MTV 영화 & TV 상
2021,39,더 스파이,도미닉 쿡,베네딕트 컴버배치,메랍 니니트쩨,2021.04.28,313022,스릴러,확인불가
2021,40,강릉,윤영빈,유오성,장혁,2021.11.10,306809,액션/범죄,확인불가
2021,41,정글 크루즈,자움 콜렛 세라,드웨인 존슨,에밀리 블런트,2021.07.28,251071,액션/어드벤처,확인불가
2021,42,명탐정 코난: 비색의 탄환,나가오카 치카,타카야마 미나미,야마자키 와카나,2021.04.16,234945,애니메이션/미스터리,확인불가
2021,43,캐시트럭,가이 리치,제이슨 스타뎀,홀트 맥칼라니,2021.06.09,231992,액션,확인불가
2021,44,크루즈 패밀리: 뉴 에이지,조엘 크로포드,엠마 스톤,라이언 레이놀즈,2021.05.05,230057,애니메이션/어드벤처/코미디,확인불가
2021,45,이스케이프 룸 2: 노 웨이 아웃,애덤 로비텔,테일러 러셀,로건 밀러,2021.07.14,223313,액션/공포/스릴러,확인불가
2021,46,"극장판 포켓몬스터: 정글의 아이, 코코",야지마 테츠오,성완경,이선호,2021.09.15,213913,애니메이션/어드벤처,확인불가
2021,47,극장판 짱구는 못말려: 격돌! 낙서왕국과 얼추 네 명의 용사들,쿄고쿠 타카히코,박영남,김환진,2021.09.15,199726,애니메이션/코미디/액션,확인불가
2021,48,매트릭스: 리저렉션,라나 워쇼스키,키아누 리브스,캐리 앤 모스,2021.12.22,213693,액션/SF,확인불가
2021,49,방법: 재차의,김용완,엄지원,정지소,2021.07.28,175578,미스터리/스릴러,확인불가
2021,50,새해전야,홍지영,김강우,유인나,2021.02.10,171500,로맨스/멜로/드라마,확인불가
2022,1,범죄도시2,이상용,마동석,손석구,2022.05.18,12693415,범죄/액션,황금촬영상
2022,2,탑건: 매버릭,조셉 코신스키,톰 크루즈,마일스 텔러,2022.06.22,8224327,액션,MTV 영화 & TV 상
2022,3,아바타: 물의 길,제임스 카메론,샘 워싱턴,조 샐다나,2022.12.14,10805065,액션/어드벤처/SF/스릴러,아카데미시상식
2022,4,한산: 용의 출현,김한민,박해일,변요한,2022.07.27,7265618,액션/드라마,백상예술대상
2022,5,공조2: 인터내셔날,이석훈,현빈,유해진,2022.09.07,6983077,액션/코미디,황금촬영상
2022,6,닥터 스트레인지: 대혼돈의 멀티버스,샘 레이미,베네딕트 컴버배치,엘리자베스 올슨,2022.05.04,5884595,액션/어드벤처/판타지,MTV 영화 & TV 상
2022,7,헌트,이정재,이정재,정우성,2022.08.10,4352513,액션/드라마,백상예술대상
2022,8,올빼미,안태진,류준열,유해진,2022.11.23,3329634,스릴러,청룡영화상
2022,9,쥬라기 월드: 도미니언,콜린 트레보로우,크리스 프랫,브라이스 달라스 하워드,2022.06.01,2837413,액션/어드벤처/SF,확인불가
2022,10,마녀(魔女) Part2. The Other One,박훈정,신시아,박은빈,2022.06.15,2806501,액션,확인불가
2022,11,토르: 러브 앤 썬더,타이카 와이티티,크리스 헴스워스,나탈리 포트만,2022.07.06,2716306,액션/어드벤처/판타지,확인불가
2022,12,미니언즈2,카일 발다,스티브 카렐,타라지 P. 헨슨,2022.07.20,2269033,애니메이션/어드벤처/코미디/가족,확인불가
2022,13,블랙 팬서: 와칸다 포에버,라이언 쿠글러,레티티아 라이트,루피타 뇽오,2022.11.09,2105988,액션/어드벤처/SF,아카데미시상식
2022,14,비상선언,한재림,송강호,이병헌,2022.08.03,2058869,드라마,아시아필름어워즈
2022,15,스파이더맨: 노 웨이 홈,존 왓츠,톰 홀랜드,젠데이아 콜먼,2021.12.15,7551990,액션/어드벤처/SF,MTV 영화 & TV 상
2022,16,육사오(6/45),박규태,고경표,이이경,2022.08.24,1981014,코미디,백상예술대상
2022,17,헤어질 결심,박찬욱,박해일,탕웨이,2022.06.29,1904127,로맨스/멜로/드라마,백상예술대상
2022,18,외계+인 1부,최동훈,류준열,김우빈,2022.07.20,1540630,액션/판타지/SF,황금촬영상
2022,19,영웅,윤제균,정성화,김고은,2022.12.21,3274742,드라마/뮤지컬,대종상영화제
2022,20,해적: 도깨비 깃발,김정훈,강하늘,한효주,2022.01.26,1339242,어드벤처/액션/코미디,확인불가
2022,21,브로커,고레에다 히로카즈,송강호,강동원,2022.06.08,1261173,드라마,아시아필름어워즈
2022,22,신비한 동물들과 덤블도어의 비밀,데이빗 예이츠,에디 레드메인,주드 로,2022.04.13,1195443,판타지/어드벤처,확인불가
2022,23,인생은 아름다워,최국희,류승룡,염정아,2022.09.28,1172513,뮤지컬,대종상영화제
2022,24,더 배트맨,매트 리브스,로버트 패틴슨,폴 다노,2022.03.01,906659,액션/범죄/미스터리/드라마,워싱턴비평가협회상
2022,25,데시벨,황인호,김래원,이종석,2022.11.16,901426,액션,확인불가
2022,26,정직한 후보2,장유정,라미란,김무열,2022.09.28,899899,코미디,황금촬영상
2022,27,씽2게더,가스 제닝스,매튜 맥커너히,리즈 위더스푼,2022.01.05,885727,애니메이션,확인불가
2022,28,극장판 짱구는 못말려: 수수께끼! 꽃피는 천하떡잎학교,타카하시 와타루,코바야시 유미코,나라하시 미키,2022.09.28,837755,애니메이션/코미디/가족/미스터리,확인불가
2022,29,블랙 아담,자움 콜렛 세라,드웨인 존슨,노아 센티네오,2022.10.19,779489,액션/어드벤처/SF,확인불가
2022,30,킹메이커,변성현,설경구,이선균,2022.01.26,783567,드라마,황금촬영상
2022,31,자백,윤종석,소지섭,김윤진,2022.10.26,738122,범죄/스릴러,판타스포르토국제영화제
2022,32,언차티드,루벤 플레셔,톰 홀랜드,마크 월버그,2022.02.16,730847,액션/어드벤처,확인불가
2022,33,경관의 피,이규만,조진웅,최우식,2022.01.05,684667,범죄/드라마,확인불가
2022,34,"오늘 밤, 세계에서 이 사랑이 사라진다 해도",미키 타카히로,미치에다 슌스케,후쿠모토 리코,2022.11.30,1164776,로맨스/멜로,일본아카데미상
2022,35,극장판 주술회전 0,박성후,오가타 메구미,하나자와 카나,2022.02.17,664565,애니메이션/액션/어드벤처/판타지,확인불가
2022,36,압꾸정,임진순,마동석,정경호,2022.11.30,608639,코미디/드라마,확인불가
2022,37,극장판 포켓몬스터DP: 기라티나와 하늘의 꽃다발 쉐이미,유야마 쿠니히코,이선호,김영선,2022.06.01,581223,애니메이션/어드벤처/판타지,확인불가
2022,38,이상한 나라의 수학자,박동훈,최민식,김동휘,2022.03.09,534291,드라마,피렌체 한국영화제
2022,39,명탐정 코난: 할로윈의 신부,미츠나카 스스무,타카야마 미나미,야마자키 와카나,2022.07.13,495842,애니메이션/미스터리,확인불가
2022,40,동감,서은영,여진구,조이현,2022.11.16,490145,로맨스/멜로,확인불가
2022,41,모비우스,대니얼 에스피노사,자레드 레토,맷 스미스,2022.03.30,475928,액션/어드벤처/공포/SF,골든라즈베리시상식
2022,42,늑대사냥,김홍선,서인국,장동윤,2022.09.21,458720,액션,시체스국제판타스틱영화제
2022,43,뽀로로 극장판 드래곤캐슬 대모험,강승훈,윤제완,이선,2022.07.28,451036,애니메이션,부천국제판타스틱영화제
2022,44,특송,박대민,박소담,송새벽,2022.01.12,444417,범죄/액션,황금촬영상
2022,45,니 부모 얼굴이 보고 싶다,김지훈,설경구,오달수,2022.04.27,416524,드라마,확인불가
2022,46,놉,조던 필,다니엘 칼루유야,케케 팔머,2022.08.17,416048,미스터리/공포,뉴욕비평가협회상
2022,47,리멤버,이일형,이성민,남주혁,2022.10.26,412836,드라마,확인불가
2022,48,킹스맨: 퍼스트 에이전트,매튜 본,랄프 파인즈,해리스 디킨슨,2021.12.22,1029365,액션,확인불가
2022,49,배드 가이즈,피에르 페리펠,샘 록웰,마크 마론,2022.05.04,400329,애니메이션/범죄/액션,확인불가
2022,50,뜨거운 피,천명관,정우,김갑수,2022.03.23,398105,범죄/드라마,백상예술대상
